Lead Username,Name,Email
TechGuru,Emma Johnson,techguru@gmail.com
RoboMaster,Liam Smith,robomaster@yahoo.com
CodeWizard,Olivia Brown,codewizard@outlook.com
FutureCoder,Noah Jones,futurecoder@gmail.com
AI_Pioneer,Ava Garcia,ai_pioneer@yahoo.com
ByteBuilder,Elijah Martinez,bytebuilder@outlook.com
CircuitSage,Sophia Davis,circuitsage@gmail.com
DataDynamo,Lucas Rodriguez,datadynamo@yahoo.com
PixelPirate,Isabella Hernandez,pixelpirate@outlook.com
QuantumQuester,Mason Lopez,quantumquester@gmail.com
CyberChampion,Mia Wilson,cyberchampion@yahoo.com
NeuralNinja,Ethan Gonzalez,neuralninja@outlook.com
TechTinkerer,Amelia Anderson,techtinkerer@gmail.com
LogicLynx,Logan Thomas,logiclynx@yahoo.com
GadgetGenius,Harper Taylor,gadgetgenius@outlook.com
AlgorithmAce,Aiden Moore,algorithmace@gmail.com
MatrixMaverick,Evelyn Jackson,matrixmaverick@yahoo.com
CodeCrafter,James Martin,codecrafter@outlook.com
TechieTiger,Abigail Lee,techietiger@gmail.com
RoboRuler,Benjamin Perez,roboruler@yahoo.com
CyberScribe,Charlotte White,cyberscribe@outlook.com
TechieTraveler,Jackson Harris,techietraveler@gmail.com
ProgramPilot,Sofia Clark,programpilot@yahoo.com
CircuitCrusader,Sebastian Lewis,circuitcrusader@outlook.com
ByteBrigade,Avery Young,bytebrigade@gmail.com
PixelPioneer,Jack Walker,pixelpioneer@yahoo.com
QuantumQuest,Chloe Hall,quantumquest@yahoo.com
DataDrifter,Alexander Allen,datadrifter@outlook.com
AlgorithmArtisan,Ella Scott,algorithmartisan@gmail.com
CodeConqueror,Daniel King,codeconqueror@yahoo.com
TechieTrooper,Grace Green,techietrooper@outlook.com
RoboRanger,Michael Baker,roboranger@gmail.com
CyberSavvy,Lily Adams,cybersavvy@yahoo.com
GadgetGuru,William Nelson,gadgetguru@outlook.com
ByteBoss,Hannah Carter,byteboss@gmail.com
DataDefender,Henry Hill,datadefender@yahoo.com
LogicLord,Zoey Mitchell,logiclord@outlook.com
CircuitChampion,Jacob Adams,circuitchampion@gmail.com
TechTrekker,Scarlett Wright,techtrekker@yahoo.com
QuantumKing,Samuel Phillips,quantumking@outlook.com
NeuralNavigator,Victoria Campbell,neuralnavigator@gmail.com
CodeCommander,Matthew Parker,codecommander@yahoo.com
TechieTactician,Aubrey Evans,techietactician@outlook.com
RoboRebel,David Edwards,roborebel@gmail.com
PixelPro,Aria Collins,pixelpro@yahoo.com
DataDevotee,Joseph Stewart,datadevotee@outlook.com
CircuitCzar,Aurora Sanchez,circuitczar@gmail.com
ByteBaron,Carter Morris,bytebaron@yahoo.com
QuantumQueen,Penelope Cooper,quantumqueen@outlook.com
AlgorithmAdventurer,Owen Flores,algorithadventurer@gmail.com
TechieTactician,Ellie Rivera,techietactician@yahoo.com
NeuralNetworker,Wyatt Butler,neuralnetworker@outlook.com
RoboRev,Camila Peterson,roborev@gmail.com
CodeCaptain,John Gray,codecaptain@yahoo.com
CyberCoder,Layla Ramirez,cybercoder@outlook.com
GadgetGalore,Luke Ward,gadgetgalore@gmail.com
ByteBender,Mila Hughes,bytebender@yahoo.com
DataDisciple,Isaac Bennett,datadisciple@outlook.com
CircuitCrafter,Nora Bryant,circuitcrafter@gmail.com
QuantumQuester,Jayden Brooks,quantumquester@yahoo.com
PixelPaladin,Brooklyn Morgan,pixelpaladin@outlook.com
LogicLeader,Gabriel Reed,logicleader@gmail.com
CodeCraze,Paisley Kelly,codecraze@yahoo.com
TechieTitan,Caleb Howard,techietitan@outlook.com
RoboRogue,Savannah Wood,roborogue@gmail.com
NeuralNomad,Nathan Cox,neuralnomad@yahoo.com
ByteBandit,Addison Jenkins,bytebandit@outlook.com
DataDreamer,Thomas Richardson,datadreamer@gmail.com
CircuitSultan,Audrey Russell,circuitsultan@yahoo.com
QuantumQuestor,Hunter Perry,quantumquestor@outlook.com
AlgorithmAgent,Stella Powell,algorithmagent@gmail.com
TechieTrailblazer,Julian Sanders,techietrailblazer@yahoo.com
RoboRover,Riley Price,roborover@outlook.com
PixelPilot,Leo Ross,pixelpilot@gmail.com
CyberChief,Elena Foster,cyberchief@yahoo.com
GadgetGenius,Connor Coleman,gadgetgenius@outlook.com
CodeConnoisseur,Samantha Simmons,codeconnoisseur@gmail.com
NeuralNerd,Isaiah Patterson,neuralnerd@yahoo.com
ByteBoss,Violet Long,byteboss@outlook.com
CircuitChampion,Charles Hughes,circuitchampion@gmail.com
QuantumQuasar,Claire Reed,quantumquasar@yahoo.com
DataDruid,Josiah Cook,datadruid@outlook.com
TechieTaskmaster,Lillian Ward,techietaskmaster@gmail.com
RoboRaider,Adrian Bell,roboraider@yahoo.com
PixelPioneer,Eleanor Bennett,pixelpioneer@outlook.com
CyberCommander,Ezra Butler,cybercommander@gmail.com
GadgetGeek,Lucy Watson,gadgetgeek@yahoo.com
CodeCrafter,Aaron Bailey,codecrafter@outlook.com
NeuralNavigator,Lydia Griffin,neuralnavigator@gmail.com
ByteBuilder,Ryan Turner,bytebuilder@yahoo.com
CircuitCaptain,Natalie Harper,circuitcaptain@outlook.com
QuantumQuester,Anthony Morris,quantumquester@gmail.com
AlgorithmArchitect,Isla Brooks,algorithmarchitect@yahoo.com
TechieTrailblazer,Jonathan Rogers,techietrailblazer@outlook.com
RoboRuler,Emilia Sanders,roboruler@gmail.com
PixelPioneer,Christopher Foster,pixelpioneer@yahoo.com
CyberChampion,Vivian Hayes,cyberchampion@outlook.com
GadgetGuru,Jaxon Jenkins,gadgetguru@gmail.com
ByteBuilder,Madelyn Cox,bytebuilder@yahoo.com
DataDefender,Levi Richardson,datadefender@outlook.com